target,target_key,seed,iteration,family,prompt_type,prompt_index,prompt,generated_path,clip_similarity,lpips,mse
1159_25.png,1159_25,1159,1,llm_refinement,groq_llama_3.1_refinement_r1_from_subject_background,1,"a clear glass filled with fresh orange juice, decorated with orange slices and pineapple pieces, on a warm brown tabletop with a round wooden board",/home/beflex/Documentos/Bernardo/Estudo/IAG/PROJETO 2/miacd-iag-image-to-prompt/outputs/20260602-223317_round1_llm_refinement/1159_25/candidate_001.png,0.9222321510314941,0.6219057440757751,0.042741432785987854
1159_25.png,1159_25,1159,1,llm_refinement,groq_llama_3.1_refinement_r1_from_subject_background,2,"a clear glass filled with fresh orange juice, decorated with orange slices and pineapple pieces, on a warm brown tabletop with a round wooden board and soft neutral background",/home/beflex/Documentos/Bernardo/Estudo/IAG/PROJETO 2/miacd-iag-image-to-prompt/outputs/20260602-223317_round1_llm_refinement/1159_25/candidate_002.png,0.9273715019226074,0.6249644160270691,0.04091787338256836
1159_25.png,1159_25,1159,1,llm_refinement,groq_llama_3.1_refinement_r1_from_subject_background,3,"a close-up of a clear glass filled with fresh orange juice, decorated with orange slices and pineapple pieces, on a warm brown tabletop",/home/beflex/Documentos/Bernardo/Estudo/IAG/PROJETO 2/miacd-iag-image-to-prompt/outputs/20260602-223317_round1_llm_refinement/1159_25/candidate_003.png,0.8988661766052246,0.6522932648658752,0.0545404814183712
1159_25.png,1159_25,1159,1,llm_refinement,groq_llama_3.1_refinement_r1_from_subject_background,4,"a still life product shot of a clear glass filled with fresh orange juice, decorated with orange slices and pineapple pieces, on a warm brown tabletop",/home/beflex/Documentos/Bernardo/Estudo/IAG/PROJETO 2/miacd-iag-image-to-prompt/outputs/20260602-223317_round1_llm_refinement/1159_25/candidate_004.png,0.9283302426338196,0.6381097435951233,0.04685695841908455
1159_25.png,1159_25,1159,1,llm_refinement,groq_llama_3.1_refinement_r1_from_detail_focus,5,clear glass filled with fresh orange juice decorated with orange slices and pineapple pieces next to sliced oranges,/home/beflex/Documentos/Bernardo/Estudo/IAG/PROJETO 2/miacd-iag-image-to-prompt/outputs/20260602-223317_round1_llm_refinement/1159_25/candidate_005.png,0.8970906734466553,0.6577059030532837,0.052218567579984665
1159_25.png,1159_25,1159,1,llm_refinement,groq_llama_3.1_refinement_r1_from_detail_focus,6,"clear glass containing fresh orange juice, surrounded by bright orange slices, orange halves in the background, and small pineapple cubes",/home/beflex/Documentos/Bernardo/Estudo/IAG/PROJETO 2/miacd-iag-image-to-prompt/outputs/20260602-223317_round1_llm_refinement/1159_25/candidate_006.png,0.9006438255310059,0.5968533158302307,0.04397353529930115
1159_25.png,1159_25,1159,1,llm_refinement,groq_llama_3.1_refinement_r1_from_detail_focus,7,"still life product shot of a clear glass filled with orange juice, placed slightly right of center, with fresh orange slices and pineapple",/home/beflex/Documentos/Bernardo/Estudo/IAG/PROJETO 2/miacd-iag-image-to-prompt/outputs/20260602-223317_round1_llm_refinement/1159_25/candidate_007.png,0.9221065640449524,0.6361934542655945,0.04693734645843506
1159_25.png,1159_25,1159,1,llm_refinement,groq_llama_3.1_refinement_r1_from_detail_focus,8,"a clear glass filled with fresh orange juice, surrounded by orange slices and pineapple pieces, on a warm brown tabletop",/home/beflex/Documentos/Bernardo/Estudo/IAG/PROJETO 2/miacd-iag-image-to-prompt/outputs/20260602-223317_round1_llm_refinement/1159_25/candidate_008.png,0.8878876566886902,0.6016503572463989,0.04233671724796295
1159_25.png,1159_25,1159,1,llm_refinement,groq_llama_3.1_refinement_r1_from_compact_full,9,"a clear glass placed slightly right of center, filled with fresh orange juice, decorated with orange slices and pineapple pieces, on a warm brown tabletop with a round wooden board on the left and soft neutral background",/home/beflex/Documentos/Bernardo/Estudo/IAG/PROJETO 2/miacd-iag-image-to-prompt/outputs/20260602-223317_round1_llm_refinement/1159_25/candidate_009.png,0.9217712879180908,0.6218999028205872,0.04267718270421028
1159_25.png,1159_25,1159,1,llm_refinement,groq_llama_3.1_refinement_r1_from_compact_full,10,"a still life arrangement of a clear glass, filled with orange juice, placed slightly right of center, decorated with orange slices and pineapple pieces, on a warm brown tabletop with a round wooden board on the left",/home/beflex/Documentos/Bernardo/Estudo/IAG/PROJETO 2/miacd-iag-image-to-prompt/outputs/20260602-223317_round1_llm_refinement/1159_25/candidate_010.png,0.9059447050094604,0.6722396612167358,0.0511447973549366
1159_25.png,1159_25,1159,1,llm_refinement,groq_llama_3.1_refinement_r1_from_compact_full,11,"a close-up view of a clear glass, filled with fresh orange juice, decorated with bright orange slices and pineapple pieces, on a warm brown tabletop with a slight wooden board on the left",/home/beflex/Documentos/Bernardo/Estudo/IAG/PROJETO 2/miacd-iag-image-to-prompt/outputs/20260602-223317_round1_llm_refinement/1159_25/candidate_011.png,0.8926674127578735,0.6643615961074829,0.05207960307598114
1159_25.png,1159_25,1159,1,llm_refinement,groq_llama_3.1_refinement_r1_from_compact_full,12,"a warm brown tabletop view with a round wooden board on the left, featuring a clear glass, filled with fresh orange juice, decorated with orange slices and pineapple pieces",/home/beflex/Documentos/Bernardo/Estudo/IAG/PROJETO 2/miacd-iag-image-to-prompt/outputs/20260602-223317_round1_llm_refinement/1159_25/candidate_012.png,0.9145309329032898,0.6154018044471741,0.04562799632549286
1159_29.png,1159_29,1159,1,llm_refinement,groq_llama_3.1_refinement_r1_from_detail_focus,1,"a palm tree stands tall in turquoise ocean water during sunset, with soft warm sunlight and gentle haze",/home/beflex/Documentos/Bernardo/Estudo/IAG/PROJETO 2/miacd-iag-image-to-prompt/outputs/20260602-223317_round1_llm_refinement/1159_29/candidate_001.png,0.9284318685531616,0.735373854637146,0.059748660773038864
1159_29.png,1159_29,1159,1,llm_refinement,groq_llama_3.1_refinement_r1_from_detail_focus,2,"a tall palm tree in shallow ocean water, with large green palm fronds and textured trunk, under a pastel cloudy sky",/home/beflex/Documentos/Bernardo/Estudo/IAG/PROJETO 2/miacd-iag-image-to-prompt/outputs/20260602-223317_round1_llm_refinement/1159_29/candidate_002.png,0.8781235218048096,0.6579142808914185,0.06101509928703308
1159_29.png,1159_29,1159,1,llm_refinement,groq_llama_3.1_refinement_r1_from_detail_focus,3,"a lone palm tree rises from the waves in a tropical seascape, with the sun low over distant mountains, casting a warm glow",/home/beflex/Documentos/Bernardo/Estudo/IAG/PROJETO 2/miacd-iag-image-to-prompt/outputs/20260602-223317_round1_llm_refinement/1159_29/candidate_003.png,0.9108294248580933,0.7117031812667847,0.0641331747174263
1159_29.png,1159_29,1159,1,llm_refinement,groq_llama_3.1_refinement_r1_from_detail_focus,4,"a majestic palm tree stands in the middle of a wide ocean, with foamy waves around rocks at the base, under a warm sunset sky",/home/beflex/Documentos/Bernardo/Estudo/IAG/PROJETO 2/miacd-iag-image-to-prompt/outputs/20260602-223317_round1_llm_refinement/1159_29/candidate_004.png,0.8758478760719299,0.7403878569602966,0.06574390083551407
1159_29.png,1159_29,1159,1,llm_refinement,groq_llama_3.1_refinement_r1_from_subject_composition,5,"A tall palm tree stands in shallow ocean water at sunset, with a wide tropical seascape and a distant island on the right, soft sunset lighting and gentle atmospheric haze.",/home/beflex/Documentos/Bernardo/Estudo/IAG/PROJETO 2/miacd-iag-image-to-prompt/outputs/20260602-223317_round1_llm_refinement/1159_29/candidate_005.png,0.9117534160614014,0.8227216005325317,0.06673193722963333
1159_29.png,1159_29,1159,1,llm_refinement,groq_llama_3.1_refinement_r1_from_subject_composition,6,"A tall palm tree stands in shallow ocean water during sunset, a wide tropical landscape with a horizon across the middle and distant mountains or island on the horizon, soft reflected sun light.",/home/beflex/Documentos/Bernardo/Estudo/IAG/PROJETO 2/miacd-iag-image-to-prompt/outputs/20260602-223317_round1_llm_refinement/1159_29/candidate_006.png,0.9140210151672363,0.7797974348068237,0.0670485869050026
1159_29.png,1159_29,1159,1,llm_refinement,groq_llama_3.1_refinement_r1_from_subject_composition,7,"A tall palm tree in shallow ocean water, a wide tropical seascape at sunset with a distant island on the right, warm sunlight on the water and gentle haze, realistic digital painting.",/home/beflex/Documentos/Bernardo/Estudo/IAG/PROJETO 2/miacd-iag-image-to-prompt/outputs/20260602-223317_round1_llm_refinement/1159_29/candidate_007.png,0.9103809595108032,0.8241795897483826,0.06089891120791435
1159_29.png,1159_29,1159,1,llm_refinement,groq_llama_3.1_refinement_r1_from_subject_composition,8,"A tall palm tree stands in shallow ocean water during a tropical sunset, a wide landscape with a distant island, soft sunset lighting and atmospheric haze, cinematic seascape.",/home/beflex/Documentos/Bernardo/Estudo/IAG/PROJETO 2/miacd-iag-image-to-prompt/outputs/20260602-223317_round1_llm_refinement/1159_29/candidate_008.png,0.9176310300827026,0.79905104637146,0.0881216898560524
1159_29.png,1159_29,1159,1,llm_refinement,groq_llama_3.1_refinement_r1_from_compact_full,9,"a tall palm tree stands in shallow ocean water during sunset, a wide tropical seascape with the palm tree on the left foreground, turquoise ocean waves, cloudy pastel sky, and a distant island on the horizon",/home/beflex/Documentos/Bernardo/Estudo/IAG/PROJETO 2/miacd-iag-image-to-prompt/outputs/20260602-223317_round1_llm_refinement/1159_29/candidate_009.png,0.9140573143959045,0.8136969804763794,0.05785486474633217
1159_29.png,1159_29,1159,1,llm_refinement,groq_llama_3.1_refinement_r1_from_compact_full,10,"in the shallow ocean, a single palm tree rises during sunset, surrounded by the wide turquoise waters of a tropical seascape, with the sun low near the center and a distant island on the right",/home/beflex/Documentos/Bernardo/Estudo/IAG/PROJETO 2/miacd-iag-image-to-prompt/outputs/20260602-223317_round1_llm_refinement/1159_29/candidate_010.png,0.8689664006233215,0.7797801494598389,0.049248307943344116
1159_29.png,1159_29,1159,1,llm_refinement,groq_llama_3.1_refinement_r1_from_compact_full,11,"a tall palm tree stands in the shallow ocean water during sunset, amidst a wide tropical seascape with the palm tree on the left, distant island on the right, and a soft, warm sunlight reflected on the water",/home/beflex/Documentos/Bernardo/Estudo/IAG/PROJETO 2/miacd-iag-image-to-prompt/outputs/20260602-223317_round1_llm_refinement/1159_29/candidate_011.png,0.9173077344894409,0.7952348589897156,0.06249333545565605
1159_29.png,1159_29,1159,1,llm_refinement,groq_llama_3.1_refinement_r1_from_compact_full,12,"a single palm tree stands tall in shallow ocean water during a warm sunset, with a wide tropical seascape and distant island on the right, surrounded by the turquoise ocean and pastel sky",/home/beflex/Documentos/Bernardo/Estudo/IAG/PROJETO 2/miacd-iag-image-to-prompt/outputs/20260602-223317_round1_llm_refinement/1159_29/candidate_012.png,0.9118814468383789,0.8071789145469666,0.054877448827028275
1159_3.png,1159_3,1159,1,llm_refinement,groq_llama_3.1_refinement_r1_from_subject_composition,1,a serious blond anime warrior with messy hair wearing futuristic silver armor holding a glowing curved flame blade across the lower body,/home/beflex/Documentos/Bernardo/Estudo/IAG/PROJETO 2/miacd-iag-image-to-prompt/outputs/20260602-223317_round1_llm_refinement/1159_3/candidate_001.png,0.8558074235916138,0.6140353679656982,0.048604268580675125
1159_3.png,1159_3,1159,1,llm_refinement,groq_llama_3.1_refinement_r1_from_subject_composition,2,a serious blond male anime warrior with intense expression wearing futuristic silver armor and holding a glowing orange fire sword,/home/beflex/Documentos/Bernardo/Estudo/IAG/PROJETO 2/miacd-iag-image-to-prompt/outputs/20260602-223317_round1_llm_refinement/1159_3/candidate_002.png,0.846195638179779,0.6871773600578308,0.05608341097831726
1159_3.png,1159_3,1159,1,llm_refinement,groq_llama_3.1_refinement_r1_from_subject_composition,3,a centered upper-body character portrait of a serious blond anime warrior in a symmetrical heroic pose with messy hair and glowing orange light from the sword,/home/beflex/Documentos/Bernardo/Estudo/IAG/PROJETO 2/miacd-iag-image-to-prompt/outputs/20260602-223317_round1_llm_refinement/1159_3/candidate_003.png,0.8198494911193848,0.6906366348266602,0.04519365355372429
1159_3.png,1159_3,1159,1,llm_refinement,groq_llama_3.1_refinement_r1_from_subject_composition,4,a serious blond anime warrior in a heroic pose wearing futuristic silver armor and holding a glowing orange fire sword with teal ghostly smoke on the left and orange fire spirit on the right,/home/beflex/Documentos/Bernardo/Estudo/IAG/PROJETO 2/miacd-iag-image-to-prompt/outputs/20260602-223317_round1_llm_refinement/1159_3/candidate_004.png,0.8844090104103088,0.6255409717559814,0.04676852747797966
1159_3.png,1159_3,1159,1,llm_refinement,groq_llama_3.1_refinement_r1_from_subject_only,5,"a serious blond male anime warrior wearing futuristic silver armor, holding a glowing orange fire sword, set against a dark smoky gray background with elemental spirits.",/home/beflex/Documentos/Bernardo/Estudo/IAG/PROJETO 2/miacd-iag-image-to-prompt/outputs/20260602-223317_round1_llm_refinement/1159_3/candidate_005.png,0.8906718492507935,0.6775374412536621,0.0594676174223423
1159_3.png,1159_3,1159,1,llm_refinement,groq_llama_3.1_refinement_r1_from_subject_only,6,"a concentrated, serious blond male anime warrior wearing futuristic silver armor, holding a glowing orange fire sword, with moody shadows and soft rim light.",/home/beflex/Documentos/Bernardo/Estudo/IAG/PROJETO 2/miacd-iag-image-to-prompt/outputs/20260602-223317_round1_llm_refinement/1159_3/candidate_006.png,0.8804163336753845,0.6758865118026733,0.05458816885948181
1159_3.png,1159_3,1159,1,llm_refinement,groq_llama_3.1_refinement_r1_from_subject_only,7,"a centered blond anime warrior in a heroic pose, wearing silver armor, holding a glowing orange fire sword, with a dark smoky background and abstract elemental shapes.",/home/beflex/Documentos/Bernardo/Estudo/IAG/PROJETO 2/miacd-iag-image-to-prompt/outputs/20260602-223317_round1_llm_refinement/1159_3/candidate_007.png,0.8831820487976074,0.6418358087539673,0.050416499376297
1159_3.png,1159_3,1159,1,llm_refinement,groq_llama_3.1_refinement_r1_from_subject_only,8,"a serious blond male anime warrior, with messy blond hair and intense expression, wearing futuristic silver armor, holding a glowing orange fire sword, in a dramatic low-key lighting.",/home/beflex/Documentos/Bernardo/Estudo/IAG/PROJETO 2/miacd-iag-image-to-prompt/outputs/20260602-223317_round1_llm_refinement/1159_3/candidate_008.png,0.8542248606681824,0.6698627471923828,0.05543731525540352
1159_3.png,1159_3,1159,1,llm_refinement,groq_llama_3.1_refinement_r1_from_subject_background,9,"a serious blond anime warrior wearing silver futuristic armor, with a central composition and dark smoky background",/home/beflex/Documentos/Bernardo/Estudo/IAG/PROJETO 2/miacd-iag-image-to-prompt/outputs/20260602-223317_round1_llm_refinement/1159_3/candidate_009.png,0.8066679835319519,0.6461145877838135,0.0479559600353241
1159_3.png,1159_3,1159,1,llm_refinement,groq_llama_3.1_refinement_r1_from_subject_background,10,"a blond anime male warrior in silver futuristic armor, holding a glowing orange fire sword with intense expression",/home/beflex/Documentos/Bernardo/Estudo/IAG/PROJETO 2/miacd-iag-image-to-prompt/outputs/20260602-223317_round1_llm_refinement/1159_3/candidate_010.png,0.8689496517181396,0.6706544160842896,0.05979651212692261
1159_3.png,1159_3,1159,1,llm_refinement,groq_llama_3.1_refinement_r1_from_subject_background,11,"a centered anime warrior portrait wearing silver armor and holding an orange fire sword, amidst a dark gray smoky background",/home/beflex/Documentos/Bernardo/Estudo/IAG/PROJETO 2/miacd-iag-image-to-prompt/outputs/20260602-223317_round1_llm_refinement/1159_3/candidate_011.png,0.8413532972335815,0.7074297666549683,0.06769183278083801
1159_3.png,1159_3,1159,1,llm_refinement,groq_llama_3.1_refinement_r1_from_subject_background,12,"a blond anime male warrior, wearing silver armor and holding an orange fire sword, with a dark smoky background and intense expression",/home/beflex/Documentos/Bernardo/Estudo/IAG/PROJETO 2/miacd-iag-image-to-prompt/outputs/20260602-223317_round1_llm_refinement/1159_3/candidate_012.png,0.8634700775146484,0.661898672580719,0.0538141131401062
1159_7.png,1159_7,1159,1,llm_refinement,groq_llama_3.1_refinement_r1_from_detail_focus,1,a small hedgehog-like creature with very long spiky orange fur emerging from the top of a pale carved wooden cube with rough vertical grooves and blocky texture viewed from slightly above,/home/beflex/Documentos/Bernardo/Estudo/IAG/PROJETO 2/miacd-iag-image-to-prompt/outputs/20260602-223317_round1_llm_refinement/1159_7/candidate_001.png,0.835125744342804,0.4479296803474426,0.0276722963899374
1159_7.png,1159_7,1159,1,llm_refinement,groq_llama_3.1_refinement_r1_from_detail_focus,2,"a small hedgehog-like creature with very long spiky orange fur radiating outward like a sunburst, tiny dark eyes, small snout, pale carved wooden cube with rough vertical grooves and blocky texture, warm soft studio lighting",/home/beflex/Documentos/Bernardo/Estudo/IAG/PROJETO 2/miacd-iag-image-to-prompt/outputs/20260602-223317_round1_llm_refinement/1159_7/candidate_002.png,0.8469597101211548,0.5985283851623535,0.045327771455049515
1159_7.png,1159_7,1159,1,llm_refinement,groq_llama_3.1_refinement_r1_from_detail_focus,3,"a small hedgehog-like creature with tiny dark eyes, small snout, pale carved wooden cube with rough vertical grooves and blocky texture, orange spiky fur radiating outward like a sunburst, viewed from slightly above",/home/beflex/Documentos/Bernardo/Estudo/IAG/PROJETO 2/miacd-iag-image-to-prompt/outputs/20260602-223317_round1_llm_refinement/1159_7/candidate_003.png,0.8430870771408081,0.6176532506942749,0.04016288369894028
1159_7.png,1159_7,1159,1,llm_refinement,groq_llama_3.1_refinement_r1_from_detail_focus,4,"a small hedgehog-like creature with very long spiky orange fur emerging from the top of a carved wooden cube, pale carved wooden cube with rough vertical grooves and blocky texture, viewed from slightly above, warm soft studio lighting and gentle shadows",/home/beflex/Documentos/Bernardo/Estudo/IAG/PROJETO 2/miacd-iag-image-to-prompt/outputs/20260602-223317_round1_llm_refinement/1159_7/candidate_004.png,0.773067831993103,0.5256304740905762,0.03707250580191612
1159_7.png,1159_7,1159,1,llm_refinement,groq_llama_3.1_refinement_r1_from_compact_full,5,"a small, orange-spiked hedgehog emerging from a top-view, wooden cube, against a warm-brown background, with the cube viewed from slightly above and minimal studio lighting",/home/beflex/Documentos/Bernardo/Estudo/IAG/PROJETO 2/miacd-iag-image-to-prompt/outputs/20260602-223317_round1_llm_refinement/1159_7/candidate_005.png,0.7618004679679871,0.5437396168708801,0.036161284893751144
1159_7.png,1159_7,1159,1,llm_refinement,groq_llama_3.1_refinement_r1_from_compact_full,6,"an orange, long-spiky hedgehog emerging from the top of a pale, carved wooden cube, in a warm-brown studio environment, viewed from a close-up, slightly elevated angle",/home/beflex/Documentos/Bernardo/Estudo/IAG/PROJETO 2/miacd-iag-image-to-prompt/outputs/20260602-223317_round1_llm_refinement/1159_7/candidate_006.png,0.8232710361480713,0.5112027525901794,0.032378822565078735
1159_7.png,1159_7,1159,1,llm_refinement,groq_llama_3.1_refinement_r1_from_compact_full,7,"a small, hedgehog-like creature with orange spiky fur emerging from a top-centered, carved wooden cube, against a warm brown studio background, with soft, diffuse lighting",/home/beflex/Documentos/Bernardo/Estudo/IAG/PROJETO 2/miacd-iag-image-to-prompt/outputs/20260602-223317_round1_llm_refinement/1159_7/candidate_007.png,0.8388782143592834,0.5953006148338318,0.04093828797340393
1159_7.png,1159_7,1159,1,llm_refinement,groq_llama_3.1_refinement_r1_from_compact_full,8,"a small orange-spiked hedgehog emerging from the top of a wooden cube, viewed from slightly above, against a plain warm brown studio background, with minimal environment and soft studio lighting",/home/beflex/Documentos/Bernardo/Estudo/IAG/PROJETO 2/miacd-iag-image-to-prompt/outputs/20260602-223317_round1_llm_refinement/1159_7/candidate_008.png,0.7830538749694824,0.521108865737915,0.036017876118421555
1159_7.png,1159_7,1159,1,llm_refinement,groq_llama_3.1_refinement_r1_from_subject_background,9,"a small, spiky orange creature emerging from the top of a carved wooden cube, viewed from slightly above, on a plain brown studio background with a matching floor",/home/beflex/Documentos/Bernardo/Estudo/IAG/PROJETO 2/miacd-iag-image-to-prompt/outputs/20260602-223317_round1_llm_refinement/1159_7/candidate_009.png,0.8050392270088196,0.48404526710510254,0.029787207022309303
1159_7.png,1159_7,1159,1,llm_refinement,groq_llama_3.1_refinement_r1_from_subject_background,10,"a hedgehog-like creature with long spiky fur, face centered near the top front, atop a carved wooden cube set against a warm brown studio background",/home/beflex/Documentos/Bernardo/Estudo/IAG/PROJETO 2/miacd-iag-image-to-prompt/outputs/20260602-223317_round1_llm_refinement/1159_7/candidate_010.png,0.7877256870269775,0.6140986084938049,0.036975596100091934
1159_7.png,1159_7,1159,1,llm_refinement,groq_llama_3.1_refinement_r1_from_subject_background,11,"a surreal creature with very long orange spiky fur, emanating from the top of a carved wooden block, against a warm brown studio backdrop",/home/beflex/Documentos/Bernardo/Estudo/IAG/PROJETO 2/miacd-iag-image-to-prompt/outputs/20260602-223317_round1_llm_refinement/1159_7/candidate_011.png,0.8648033738136292,0.5481573343276978,0.03587830439209938
1159_7.png,1159_7,1159,1,llm_refinement,groq_llama_3.1_refinement_r1_from_subject_background,12,"a small, fantasy creature with spiky orange fur, radiating from a carved wooden cube, against a plain brown studio background with matching floor and gentle shadows",/home/beflex/Documentos/Bernardo/Estudo/IAG/PROJETO 2/miacd-iag-image-to-prompt/outputs/20260602-223317_round1_llm_refinement/1159_7/candidate_012.png,0.8679252862930298,0.5337427854537964,0.03498772531747818
7836.png,7836,7836,1,llm_refinement,groq_llama_3.1_refinement_r1_from_subject_composition,1,"a lone astronaut stands on a dark alien planet, gazing up at huge diagonal planet and a star-filled galaxy",/home/beflex/Documentos/Bernardo/Estudo/IAG/PROJETO 2/miacd-iag-image-to-prompt/outputs/20260602-223317_round1_llm_refinement/7836/candidate_001.png,0.9355481863021851,0.7365305423736572,0.017992252483963966
7836.png,7836,7836,1,llm_refinement,groq_llama_3.1_refinement_r1_from_subject_composition,2,"a small, centered astronaut on an alien ground looking up at an enormous reddish planet crossing the upper half of a dark, star-filled galaxy",/home/beflex/Documentos/Bernardo/Estudo/IAG/PROJETO 2/miacd-iag-image-to-prompt/outputs/20260602-223317_round1_llm_refinement/7836/candidate_002.png,0.9124768972396851,0.7158097624778748,0.019692659378051758
7836.png,7836,7836,1,llm_refinement,groq_llama_3.1_refinement_r1_from_subject_composition,3,"a lone astronaut stands on the edge of a planet, looking up at an enormous planet and the star-filled galaxy beyond",/home/beflex/Documentos/Bernardo/Estudo/IAG/PROJETO 2/miacd-iag-image-to-prompt/outputs/20260602-223317_round1_llm_refinement/7836/candidate_003.png,0.933072030544281,0.7365086078643799,0.021412966772913933
7836.png,7836,7836,1,llm_refinement,groq_llama_3.1_refinement_r1_from_subject_composition,4,"an astronaut on a dark alien ground looks up at the vast, star-filled galaxy and the diagonal planet dominating the upper half",/home/beflex/Documentos/Bernardo/Estudo/IAG/PROJETO 2/miacd-iag-image-to-prompt/outputs/20260602-223317_round1_llm_refinement/7836/candidate_004.png,0.9258178472518921,0.7297382950782776,0.019340775907039642
7836.png,7836,7836,1,llm_refinement,groq_llama_3.1_refinement_r1_from_photo_realism,5,"an astronaut standing on a dark alien planet, gazing up at enormous planets and a star-filled galaxy, epic space illustration",/home/beflex/Documentos/Bernardo/Estudo/IAG/PROJETO 2/miacd-iag-image-to-prompt/outputs/20260602-223317_round1_llm_refinement/7836/candidate_005.png,0.9513113498687744,0.766739010810852,0.021151259541511536
7836.png,7836,7836,1,llm_refinement,groq_llama_3.1_refinement_r1_from_photo_realism,6,"an astronaut on an alien planet, surrounded by massive planets and celestial bodies, realistic sci-fi environment",/home/beflex/Documentos/Bernardo/Estudo/IAG/PROJETO 2/miacd-iag-image-to-prompt/outputs/20260602-223317_round1_llm_refinement/7836/candidate_006.png,0.9241037368774414,0.7221428155899048,0.030258042737841606
7836.png,7836,7836,1,llm_refinement,groq_llama_3.1_refinement_r1_from_photo_realism,7,"a lone astronaut in a space suit, standing near the edge of a vast alien world, cinematic science fiction concept art",/home/beflex/Documentos/Bernardo/Estudo/IAG/PROJETO 2/miacd-iag-image-to-prompt/outputs/20260602-223317_round1_llm_refinement/7836/candidate_007.png,0.9176514148712158,0.7046812176704407,0.041247811168432236
7836.png,7836,7836,1,llm_refinement,groq_llama_3.1_refinement_r1_from_photo_realism,8,"an astronaut standing on a distant alien planet, looking up at enormous planets, massive stars and cosmic space, highly detailed digital painting",/home/beflex/Documentos/Bernardo/Estudo/IAG/PROJETO 2/miacd-iag-image-to-prompt/outputs/20260602-223317_round1_llm_refinement/7836/candidate_008.png,0.9307386875152588,0.7117531299591064,0.02276712656021118
7836.png,7836,7836,1,llm_refinement,groq_llama_3.1_refinement_r1_from_subject_only,9,"a lone astronaut stands on cracked rocky alien ground, surrounded by deep outer space and star clusters, with enormous planets and the galaxy beyond.",/home/beflex/Documentos/Bernardo/Estudo/IAG/PROJETO 2/miacd-iag-image-to-prompt/outputs/20260602-223317_round1_llm_refinement/7836/candidate_009.png,0.9276093244552612,0.816100537776947,0.02334197796881199
7836.png,7836,7836,1,llm_refinement,groq_llama_3.1_refinement_r1_from_subject_only,10,"an astronaut in a white space suit looks up at a massive reddish planet crossing the sky above a dark alien landscape filled with stars, blue nebula clouds, and a planetary horizon.",/home/beflex/Documentos/Bernardo/Estudo/IAG/PROJETO 2/miacd-iag-image-to-prompt/outputs/20260602-223317_round1_llm_refinement/7836/candidate_010.png,0.869972825050354,0.7434727549552917,0.03832205757498741
7836.png,7836,7836,1,llm_refinement,groq_llama_3.1_refinement_r1_from_subject_only,11,"an astronaut standing alone on an alien world with rugged terrain and dramatic cosmic backlighting, gazing up at the star-filled galaxy and enormous planets in the distance.",/home/beflex/Documentos/Bernardo/Estudo/IAG/PROJETO 2/miacd-iag-image-to-prompt/outputs/20260602-223317_round1_llm_refinement/7836/candidate_011.png,0.9389885067939758,0.762721598148346,0.020807908847928047
7836.png,7836,7836,1,llm_refinement,groq_llama_3.1_refinement_r1_from_subject_only,12,"an astronaut on the edge of a dark alien planet, with the enormous diagonal planet above and a vast, star-filled galaxy background, featuring cinematic science fiction concept art and epic space illustration.",/home/beflex/Documentos/Bernardo/Estudo/IAG/PROJETO 2/miacd-iag-image-to-prompt/outputs/20260602-223317_round1_llm_refinement/7836/candidate_012.png,0.9165078401565552,0.6619021892547607,0.034525711089372635
9338.png,9338,9338,1,llm_refinement,groq_llama_3.1_refinement_r1_from_compact_full,1,"a hamster-like fantasy creature with colorful dragon scales, horns, and tiny wings, sits upright in a centered three-quarter side view, against a swirling colorful smoke and flame background",/home/beflex/Documentos/Bernardo/Estudo/IAG/PROJETO 2/miacd-iag-image-to-prompt/outputs/20260602-223317_round1_llm_refinement/9338/candidate_001.png,0.8239479064941406,0.7161173820495605,0.04132165387272835
9338.png,9338,9338,1,llm_refinement,groq_llama_3.1_refinement_r1_from_compact_full,2,"a small hamster-like fantasy creature with large glossy black eyes, colorful dragon scales, and tiny wings, poses in a centered three-quarter side view, amidst abstract swirling smoke and flame shapes",/home/beflex/Documentos/Bernardo/Estudo/IAG/PROJETO 2/miacd-iag-image-to-prompt/outputs/20260602-223317_round1_llm_refinement/9338/candidate_002.png,0.7668114304542542,0.7524000406265259,0.05533163622021675
9338.png,9338,9338,1,llm_refinement,groq_llama_3.1_refinement_r1_from_compact_full,3,"a cute fantasy creature with colorful dragon scales, small horns, and tiny wings, has a centered character portrait, sitting upright in a three-quarter side view, set against an abstract painterly background with swirling flames",/home/beflex/Documentos/Bernardo/Estudo/IAG/PROJETO 2/miacd-iag-image-to-prompt/outputs/20260602-223317_round1_llm_refinement/9338/candidate_003.png,0.6687659025192261,0.7513346672058105,0.03908727690577507
9338.png,9338,9338,1,llm_refinement,groq_llama_3.1_refinement_r1_from_compact_full,4,"a hamster-like creature with colorful dragon scales, small horns, and tiny wings, sits upright in a three-quarter side view, against an abstract painterly background with colorful swirling smoke and flame-like shapes",/home/beflex/Documentos/Bernardo/Estudo/IAG/PROJETO 2/miacd-iag-image-to-prompt/outputs/20260602-223317_round1_llm_refinement/9338/candidate_004.png,0.8182946443557739,0.7398568391799927,0.045783888548612595
9338.png,9338,9338,1,llm_refinement,groq_llama_3.1_refinement_r1_from_subject_background,5,"a cute hamster-like fantasy creature with colorful dragon scales, horns, and tiny wings, set against an abstract painterly background with swirling colorful smoke and flame-like shapes",/home/beflex/Documentos/Bernardo/Estudo/IAG/PROJETO 2/miacd-iag-image-to-prompt/outputs/20260602-223317_round1_llm_refinement/9338/candidate_005.png,0.8783575296401978,0.7130587100982666,0.04532967880368233
9338.png,9338,9338,1,llm_refinement,groq_llama_3.1_refinement_r1_from_subject_background,6,"a cute, upright fantasy creature with colorful dragon scales, horns, and tiny wings, on a swirling abstract background with colorful smoke and flame-like shapes",/home/beflex/Documentos/Bernardo/Estudo/IAG/PROJETO 2/miacd-iag-image-to-prompt/outputs/20260602-223317_round1_llm_refinement/9338/candidate_006.png,0.7940933108329773,0.7301037311553955,0.0441114641726017
9338.png,9338,9338,1,llm_refinement,groq_llama_3.1_refinement_r1_from_subject_background,7,"a colorful fantasy creature with dragon scales, horns, and tiny wings, posed in a three-quarter side view, set against a soft, magical background with abstract swirling patterns",/home/beflex/Documentos/Bernardo/Estudo/IAG/PROJETO 2/miacd-iag-image-to-prompt/outputs/20260602-223317_round1_llm_refinement/9338/candidate_007.png,0.7211688756942749,0.7923918962478638,0.03822442889213562
9338.png,9338,9338,1,llm_refinement,groq_llama_3.1_refinement_r1_from_subject_background,8,"a cute, small fantasy creature with colorful scales, horns, and tiny wings, centered on an abstract background featuring swirling colorful smoke and flame-like shapes",/home/beflex/Documentos/Bernardo/Estudo/IAG/PROJETO 2/miacd-iag-image-to-prompt/outputs/20260602-223317_round1_llm_refinement/9338/candidate_008.png,0.8192110657691956,0.7021141648292542,0.04356173798441887
9338.png,9338,9338,1,llm_refinement,groq_llama_3.1_refinement_r1_from_subject_only,9,"A small fantasy creature with hamster-like features, colorful dragon scales, and tiny wings, in a three-quarter side view facing left, on an abstract painterly background.",/home/beflex/Documentos/Bernardo/Estudo/IAG/PROJETO 2/miacd-iag-image-to-prompt/outputs/20260602-223317_round1_llm_refinement/9338/candidate_009.png,0.781784176826477,0.7727353572845459,0.02765142358839512
9338.png,9338,9338,1,llm_refinement,groq_llama_3.1_refinement_r1_from_subject_only,10,"A cute fantasy hamster with colorful dragon scales, small horns, and tiny wings, in a centered portrait, against a swirling colorful smoke and flame background.",/home/beflex/Documentos/Bernardo/Estudo/IAG/PROJETO 2/miacd-iag-image-to-prompt/outputs/20260602-223317_round1_llm_refinement/9338/candidate_010.png,0.8349206447601318,0.7230918407440186,0.05866103246808052
9338.png,9338,9338,1,llm_refinement,groq_llama_3.1_refinement_r1_from_subject_only,11,"A small, hamster-like fantasy creature with colorful dragon scales, tiny wings, and horns, in a close-up portrait with shallow depth of field, soft magical lighting, and warm highlights.",/home/beflex/Documentos/Bernardo/Estudo/IAG/PROJETO 2/miacd-iag-image-to-prompt/outputs/20260602-223317_round1_llm_refinement/9338/candidate_011.png,0.820502758026123,0.7652324438095093,0.04492126777768135
9338.png,9338,9338,1,llm_refinement,groq_llama_3.1_refinement_r1_from_subject_only,12,"A fantasy hamster with a colorful, painterly style, large glossy black eye, orange furry face, and blue and red scales, against a background of swirling yellow and green flame shapes.",/home/beflex/Documentos/Bernardo/Estudo/IAG/PROJETO 2/miacd-iag-image-to-prompt/outputs/20260602-223317_round1_llm_refinement/9338/candidate_012.png,0.8118994235992432,0.7215348482131958,0.06782537698745728
